{"cameraMode":{"drawMode":0,"name":"Shaded","section":"Shading Mode"},"sceneLighting":true,"audioPlay":false,"sceneViewState":{"showFog":true,"showMaterialUpdate":false,"showSkybox":true,"showFlares":true,"showImageEffects":true,"showParticleSystems":true},"in2DMode":false,"pivot":{"x":723.1516723632813,"y":319.88006591796877,"z":51.69622802734375},"rotation":{"x":0.021074099466204644,"y":-0.14761485159397126,"z":0.003148608608171344,"w":0.9888227581977844},"size":290.47308349609377,"orthographic":false}