{"cameraMode":{"drawMode":0,"name":"Shaded","section":"Shading Mode"},"sceneLighting":true,"audioPlay":false,"sceneViewState":{"showFog":true,"showMaterialUpdate":false,"showSkybox":true,"showFlares":true,"showImageEffects":true,"showParticleSystems":true},"in2DMode":false,"pivot":{"x":-5.835018157958984,"y":0.6574069261550903,"z":-17.165782928466798},"rotation":{"x":0.015253243036568165,"y":-0.08507660776376724,"z":0.0013052545255050064,"w":0.9962626099586487},"size":47.21181106567383,"orthographic":false}